"","date","num_comments","title","subreddit","URL","comment","score"
"1","2019-11-05 15:39",2361,"Robinhood free money cheat works pretty well. 1 million dollar position on 4k","wallstreetbets","http://www.reddit.com/r/wallstreetbets/comments/drqaro/robinhood_free_money_cheat_works_pretty_well_1/f6m0nrd/","We don't need no water, let the motherfucker burn.",39
"2","2019-11-04 20:11",806,"Time to one up CTN =","wallstreetbets","http://www.reddit.com/r/wallstreetbets/comments/drlmxq/time_to_one_up_ctn/f6jh868/","I love you =",1822
"3","2019-11-04 16:54",4191,"Weekend Discussion Thread - November 1-3, 2019","wallstreetbets","http://www.reddit.com/r/wallstreetbets/comments/dq9hiv/weekend_discussion_thread_november_13_2019/f6iqoyl/","None",33
"4","2019-11-02 15:44",4191,"Weekend Discussion Thread - November 1-3, 2019","wallstreetbets","http://www.reddit.com/r/wallstreetbets/comments/dq9hiv/weekend_discussion_thread_november_13_2019/f65wnd6/","Water pump ?",16
"5","2019-08-26 13:12",6377,"Daily Discussion Thread - August 26, 2019","wallstreetbets","http://www.reddit.com/r/wallstreetbets/comments/cvmk3m/daily_discussion_thread_august_26_2019/ey5135w/","I'm lovin' it.",216
"6","2019-08-08 01:12",20,"ROKU Earnings Report Play","wallstreetbets","http://www.reddit.com/r/wallstreetbets/comments/cn2qmt/roku_earnings_report_play/ew94k62/","Strangles for days...",17
"7","2019-08-07 03:06",213,"Who is the true King of the Autists: u/AnalFarmer vs. u/1R0NYMAN","wallstreetbets","http://www.reddit.com/r/wallstreetbets/comments/cmwgsz/who_is_the_true_king_of_the_autists_uanalfarmer/ew5mqs7/","Haven't heard from them.",117
"8","2019-08-07 02:08",213,"Who is the true King of the Autists: u/AnalFarmer vs. u/1R0NYMAN","wallstreetbets","http://www.reddit.com/r/wallstreetbets/comments/cmwgsz/who_is_the_true_king_of_the_autists_uanalfarmer/ew5ho2a/","Nah",130
"9","2019-08-06 19:15",36,"It's green.","u_1R0NYMAN","http://www.reddit.com/r/u_1R0NYMAN/comments/btf8hj/its_green/ew4j5iy/","Nope",6
"10","2019-07-20 22:18",2981,"Weekend Discussion Thread - July 19-21, 2019","wallstreetbets","http://www.reddit.com/r/wallstreetbets/comments/cfce1s/weekend_discussion_thread_july_1921_2019/eubppym/","Sticky",4
"11","2019-07-20 22:18",2981,"Weekend Discussion Thread - July 19-21, 2019","wallstreetbets","http://www.reddit.com/r/wallstreetbets/comments/cfce1s/weekend_discussion_thread_july_1921_2019/eubpoo7/","Sticky",5
"12","2019-07-16 23:43",88,"It takes skills to lose money with AMD calls today","wallstreetbets","http://www.reddit.com/r/wallstreetbets/comments/cdqjcl/it_takes_skills_to_lose_money_with_amd_calls_today/ety5ib0/","Jfc, man.",10
"13","2019-07-07 20:56",2579,"Weekend Discussion Thread - July 5-7, 2019","wallstreetbets","http://www.reddit.com/r/wallstreetbets/comments/c9kghu/weekend_discussion_thread_july_57_2019/et76cv9/","Eco diesel is Fiat garbage, not Cummins. Only half ton with a Cummins is Nissan, with a one-off Cummins v8 Diesel.",5
"14","2019-07-05 22:08",2881,"Daily Discussion Thread - July 05, 2019","wallstreetbets","http://www.reddit.com/r/wallstreetbets/comments/c9epea/daily_discussion_thread_july_05_2019/esz8os9/","I've been meaning to ask you, what is your average account balance? I'm working with about 30k, 1.5% average daily theta.",2
"15","2019-07-05 20:37",2881,"Daily Discussion Thread - July 05, 2019","wallstreetbets","http://www.reddit.com/r/wallstreetbets/comments/c9epea/daily_discussion_thread_july_05_2019/esyybuv/","215\255 here",3
"16","2019-06-30 14:56",17417,"Type yy into google.","wallstreetbets","http://www.reddit.com/r/wallstreetbets/comments/c75d5x/type_yy_into_google/esehvpb/","Nice",26
"17","2019-06-26 03:05",532,"$MU EARNINGS THREAD","wallstreetbets","http://www.reddit.com/r/wallstreetbets/comments/c5ea3p/mu_earnings_thread/es2149h/","I would roll and adjust as needed.",1
"18","2019-06-26 01:54",532,"$MU EARNINGS THREAD","wallstreetbets","http://www.reddit.com/r/wallstreetbets/comments/c5ea3p/mu_earnings_thread/es1vgg3/","31\36 x20",2
"19","2019-06-26 01:51",532,"$MU EARNINGS THREAD","wallstreetbets","http://www.reddit.com/r/wallstreetbets/comments/c5ea3p/mu_earnings_thread/es1v8e1/","I sold 20 of them, you good bro.",2
"20","2019-06-21 21:29",421,"What do you do for a living?","wallstreetbets","http://www.reddit.com/r/wallstreetbets/comments/c3ef8h/what_do_you_do_for_a_living/erqkaew/","Heavy equipment operator",111
"21","2019-06-12 21:20",79,"You guys, r/Robinhood has done it - discovered a risk free strategy guaranteeing 50% annual gains","wallstreetbets","http://www.reddit.com/r/wallstreetbets/comments/bzlzwf/you_guys_rrobinhood_has_done_it_discovered_a_risk/eqxb7xl/","Tits",25
"22","2019-06-01 23:33",3503,"Weekend Discussion Thread - May 31 - June 2, 2019","wallstreetbets","http://www.reddit.com/r/wallstreetbets/comments/bvc82o/weekend_discussion_thread_may_31_june_2_2019/eprhvuu/","57,989.57",92
"23","2019-05-28 00:59",1187,"What Are Your Moves Tomorrow, May 28","wallstreetbets","http://www.reddit.com/r/wallstreetbets/comments/btrd5t/what_are_your_moves_tomorrow_may_28/ep1wuvx/","Poetry.",34
"24","2019-05-27 22:38",36,"It's green.","u_1R0NYMAN","http://www.reddit.com/r/u_1R0NYMAN/comments/btf8hj/its_green/ep1i9ne/","No contact whatsoever, I'm curious as well.",16
"25","2019-05-27 02:30",19,"Round 2?","wallstreetbets","http://www.reddit.com/r/wallstreetbets/comments/bqx7xr/round_2/eowzhjl/","Nah, they haven't.",1
"26","2019-05-27 02:24",36,"It's green.","u_1R0NYMAN","http://www.reddit.com/r/u_1R0NYMAN/comments/btf8hj/its_green/eowylma/","Short theta, too many positions to list.",28
"27","2019-05-27 02:22",19,"Round 2?","wallstreetbets","http://www.reddit.com/r/wallstreetbets/comments/bqx7xr/round_2/eowyco0/","Who's gonna stop me?",10
"28","2019-05-27 02:20",36,"It's green.","u_1R0NYMAN","http://www.reddit.com/r/u_1R0NYMAN/comments/btf8hj/its_green/eowxz42/","And well.",48
"29","2019-05-27 02:10",100,"Robinhood worth 7B","wallstreetbets","http://www.reddit.com/r/wallstreetbets/comments/bsn7ak/robinhood_worth_7b/eowwhft/","Ah, sorry. Just to clarify, I'm not paying Robinhood a dime. Hell, I haven't heard a thing from them since I withdrew 10k and they closed my account.",15
"30","2019-05-27 01:55",3033,"Weekend Discussion Thread - May 24-27, 2019","wallstreetbets","http://www.reddit.com/r/wallstreetbets/comments/bslhm1/weekend_discussion_thread_may_2427_2019/eowu4e6/","IT'S PRICED IN",7
"31","2019-05-27 01:49",100,"Robinhood worth 7B","wallstreetbets","http://www.reddit.com/r/wallstreetbets/comments/bsn7ak/robinhood_worth_7b/eowt8pr/","Nah, you didn't.",10
"32","2019-05-21 02:36",19,"Round 2?","wallstreetbets","http://www.reddit.com/r/wallstreetbets/comments/bqx7xr/round_2/eo9s8bq/","No",7
"33","2019-05-21 02:33",19,"Round 2?","wallstreetbets","http://www.reddit.com/r/wallstreetbets/comments/bqx7xr/round_2/eo9rytx/","?",4
"34","2019-05-20 23:44",19,"Round 2?","wallstreetbets","http://www.reddit.com/r/wallstreetbets/comments/bqx7xr/round_2/eo9dfqm/","Lol.",42
"35","2019-05-20 23:20",3501,"Daily Discussion Thread - May 20, 2019","wallstreetbets","http://www.reddit.com/r/wallstreetbets/comments/bqu4a5/daily_discussion_thread_may_20_2019/eo9bin0/","*Short theta, have we met before?",1
"36","2019-05-20 06:51",1518,"What Are Your Moves Tomorrow, May 20","wallstreetbets","http://www.reddit.com/r/wallstreetbets/comments/bqm1vv/what_are_your_moves_tomorrow_may_20/eo6x9rh/","I already have naked short puts on tsla",3
"37","2019-05-20 01:30",1518,"What Are Your Moves Tomorrow, May 20","wallstreetbets","http://www.reddit.com/r/wallstreetbets/comments/bqm1vv/what_are_your_moves_tomorrow_may_20/eo60pa3/","Shakespeare.",13
"38","2019-05-20 01:25",1518,"What Are Your Moves Tomorrow, May 20","wallstreetbets","http://www.reddit.com/r/wallstreetbets/comments/bqm1vv/what_are_your_moves_tomorrow_may_20/eo60av5/","What do you think I'm trading with?",39
"39","2019-05-20 01:17",1518,"What Are Your Moves Tomorrow, May 20","wallstreetbets","http://www.reddit.com/r/wallstreetbets/comments/bqm1vv/what_are_your_moves_tomorrow_may_20/eo5zjze/","Aye.",3
"40","2019-05-20 00:31",1518,"What Are Your Moves Tomorrow, May 20","wallstreetbets","http://www.reddit.com/r/wallstreetbets/comments/bqm1vv/what_are_your_moves_tomorrow_may_20/eo5vms4/","You'll get rope burn.",36
"41","2019-05-19 23:37",1518,"What Are Your Moves Tomorrow, May 20","wallstreetbets","http://www.reddit.com/r/wallstreetbets/comments/bqm1vv/what_are_your_moves_tomorrow_may_20/eo5qo5h/","What part of naked don't you understand?",24
"42","2019-05-19 23:35",1518,"What Are Your Moves Tomorrow, May 20","wallstreetbets","http://www.reddit.com/r/wallstreetbets/comments/bqm1vv/what_are_your_moves_tomorrow_may_20/eo5qiou/","If you ain't naked, you ain't fuckin'.",203
"43","2019-05-19 23:30",1518,"What Are Your Moves Tomorrow, May 20","wallstreetbets","http://www.reddit.com/r/wallstreetbets/comments/bqm1vv/what_are_your_moves_tomorrow_may_20/eo5pvjv/","Naked short puts on $MU, probably 34 strike expiring after earnings.",317
"44","2019-05-19 18:26",64,"The death sentence","wallstreetbets","http://www.reddit.com/r/wallstreetbets/comments/bq8qno/the_death_sentence/eo4qvo8/"," =€",17
"45","2019-05-19 16:32",64,"The death sentence","wallstreetbets","http://www.reddit.com/r/wallstreetbets/comments/bq8qno/the_death_sentence/eo4eyak/","There you go, good luck.",2
"46","2019-05-19 16:31",64,"The death sentence","wallstreetbets","http://www.reddit.com/r/wallstreetbets/comments/bq8qno/the_death_sentence/eo4evy9/","LMAO.",8
"47","2019-05-19 15:33",64,"The death sentence","wallstreetbets","http://www.reddit.com/r/wallstreetbets/comments/bq8qno/the_death_sentence/eo4a0fz/","Do you have enough capital to cover assignment?",3
"48","2019-05-19 15:12",64,"The death sentence","wallstreetbets","http://www.reddit.com/r/wallstreetbets/comments/bq8qno/the_death_sentence/eo48b4h/","Writing puts, I don't buy premium.",7
"49","2019-05-19 06:18",64,"The death sentence","wallstreetbets","http://www.reddit.com/r/wallstreetbets/comments/bq8qno/the_death_sentence/eo3cg7w/","So far.",32
"50","2019-05-19 06:11",64,"The death sentence","wallstreetbets","http://www.reddit.com/r/wallstreetbets/comments/bq8qno/the_death_sentence/eo3bwqg/","It might, but I am comfortable owning it at that price if I get assigned. I'll just sell calls until I get called away.",11
"51",NA,NA,NA,NA,NA,NA,NA
"52","2019-05-19 05:57",64,"The death sentence","wallstreetbets","http://www.reddit.com/r/wallstreetbets/comments/bq8qno/the_death_sentence/eo3aidx/","Always short theta, and scared money doesn't make money.",54
"53","2019-05-19 05:52",64,"The death sentence","wallstreetbets","http://www.reddit.com/r/wallstreetbets/comments/bq8qno/the_death_sentence/eo3a2e3/","Next Friday, but I will continue to roll my position down and out.",14
"54","2019-05-19 05:37",64,"The death sentence","wallstreetbets","http://www.reddit.com/r/wallstreetbets/comments/bq8qno/the_death_sentence/eo38cl7/","Quite well, 2x for the year. I will be posting screenshots when I am 10x, (100k)=	",61
"55","2019-05-19 05:32",64,"The death sentence","wallstreetbets","http://www.reddit.com/r/wallstreetbets/comments/bq8qno/the_death_sentence/eo37w6h/","There are no secrets, brother.",104
"56","2019-05-19 05:32",64,"The death sentence","wallstreetbets","http://www.reddit.com/r/wallstreetbets/comments/bq8qno/the_death_sentence/eo37tpk/","Only short $Tsla 235p at the moment. Recently closed a short strangle on $AMD, short puts on $MU, and short calls on $Fb.",9
"57","2019-05-19 05:24",40,"Elon plz be nice","wallstreetbets","http://www.reddit.com/r/wallstreetbets/comments/bpxzxy/elon_plz_be_nice/eo36x5j/","This Friday, I rolled them from last Friday.",3
"58","2019-05-19 02:07",116,"Spotted 1ronyman in the wild.","wallstreetbets","http://www.reddit.com/r/wallstreetbets/comments/bpcm1h/spotted_1ronyman_in_the_wild/eo2mgqu/","Fuck the Clintons.",9
"59","2019-05-18 23:16",47,"What the fuck does he know abouts tendies ammirite","wallstreetbets","http://www.reddit.com/r/wallstreetbets/comments/bptp6o/what_the_fuck_does_he_know_abouts_tendies_ammirite/eo26qxl/","Lol, gl.",2
"60","2019-05-18 22:59",14,"Lowkey I have some interesting info on TD Bank","wallstreetbets","http://www.reddit.com/r/wallstreetbets/comments/bpvmvc/lowkey_i_have_some_interesting_info_on_td_bank/eo250u0/","Where's my invite?",1
"61","2019-05-18 22:58",40,"Elon plz be nice","wallstreetbets","http://www.reddit.com/r/wallstreetbets/comments/bpxzxy/elon_plz_be_nice/eo24ucw/","I'm short 235 puts, naked.",7
"62","2019-05-18 22:56",6,"Sometimes snail gang is too slow to get out the way","wallstreetbets","http://www.reddit.com/r/wallstreetbets/comments/bpwqaq/sometimes_snail_gang_is_too_slow_to_get_out_the/eo24mv3/","Also short 235p x2. I'll keep rolling them down and out until profitable or assignment.",2
"63","2019-05-18 22:53",40,"Elon plz be nice","wallstreetbets","http://www.reddit.com/r/wallstreetbets/comments/bpxzxy/elon_plz_be_nice/eo24bfg/","We in this together.",19
"64","2019-05-17 00:10",116,"Spotted 1ronyman in the wild.","wallstreetbets","http://www.reddit.com/r/wallstreetbets/comments/bpcm1h/spotted_1ronyman_in_the_wild/entnceg/","Work in progress.",41
"65","2019-05-16 22:46",116,"Spotted 1ronyman in the wild.","wallstreetbets","http://www.reddit.com/r/wallstreetbets/comments/bpcm1h/spotted_1ronyman_in_the_wild/entaqgp/","Lol, I only drive American. And fuck all the Clintons.",90
"66","2019-05-14 14:57",4368,"Daily Discussion Thread - May 14, 2019","wallstreetbets","http://www.reddit.com/r/wallstreetbets/comments/bohh3l/daily_discussion_thread_may_14_2019/engogcy/","JFC.",3
"67","2019-05-08 00:35",57,"My largest one day loss I think.","wallstreetbets","http://www.reddit.com/r/wallstreetbets/comments/blvqpl/my_largest_one_day_loss_i_think/ems31zl/","Can't touch this.",91
"68","2019-05-08 00:13",57,"My largest one day loss I think.","wallstreetbets","http://www.reddit.com/r/wallstreetbets/comments/blvqpl/my_largest_one_day_loss_i_think/ems0wrb/","I mean, who's gonna stop me?",117
"69","2019-05-08 00:02",68,"Hire me","wallstreetbets","http://www.reddit.com/r/wallstreetbets/comments/bllxyp/hire_me/emrztx5/","Do it again.",1
"70","2019-05-07 23:58",57,"My largest one day loss I think.","wallstreetbets","http://www.reddit.com/r/wallstreetbets/comments/blvqpl/my_largest_one_day_loss_i_think/emrzdfq/","Fuck. I've been selling naked puts on JD all day...",106
"71","2019-05-05 00:45",36,"Reverse 24 bagger - $AMZN naked call at worst time possible.","wallstreetbets","http://www.reddit.com/r/wallstreetbets/comments/bkc3zo/reverse_24_bagger_amzn_naked_call_at_worst_time/emitamz/","Nice, I had -25p -30c x10. Printed straight money.",4
"72","2019-05-04 02:07",36,"Reverse 24 bagger - $AMZN naked call at worst time possible.","wallstreetbets","http://www.reddit.com/r/wallstreetbets/comments/bkc3zo/reverse_24_bagger_amzn_naked_call_at_worst_time/emg8va0/","I see AMD, earnings strangle?",6
"73","2019-05-01 01:15",4912,"Daily Discussion Thread - April 30, 2019","wallstreetbets","http://www.reddit.com/r/wallstreetbets/comments/bj1zum/daily_discussion_thread_april_30_2019/em6i1ey/","?",1
"74","2019-04-30 20:19",4912,"Daily Discussion Thread - April 30, 2019","wallstreetbets","http://www.reddit.com/r/wallstreetbets/comments/bj1zum/daily_discussion_thread_april_30_2019/em5o4ku/","Weekly -25p -30c",1
"75","2019-04-30 20:16",4912,"Daily Discussion Thread - April 30, 2019","wallstreetbets","http://www.reddit.com/r/wallstreetbets/comments/bj1zum/daily_discussion_thread_april_30_2019/em5nuww/","Sell naked strangles, I need to be more specific..",5
"76","2019-04-30 20:13",4912,"Daily Discussion Thread - April 30, 2019","wallstreetbets","http://www.reddit.com/r/wallstreetbets/comments/bj1zum/daily_discussion_thread_april_30_2019/em5nl02/","Strangle $Amd, you heard it here first.",31
"77","2019-04-28 04:27",3311,"Weekend Discussion Thread - April 26-28, 2019","wallstreetbets","http://www.reddit.com/r/wallstreetbets/comments/bhqqn6/weekend_discussion_thread_april_2628_2019/elyepo7/","Tastyworks",1
"78","2019-04-27 18:36",3311,"Weekend Discussion Thread - April 26-28, 2019","wallstreetbets","http://www.reddit.com/r/wallstreetbets/comments/bhqqn6/weekend_discussion_thread_april_2628_2019/elx52jf/","We in this together =J=J",1
"79","2019-04-27 18:31",3311,"Weekend Discussion Thread - April 26-28, 2019","wallstreetbets","http://www.reddit.com/r/wallstreetbets/comments/bhqqn6/weekend_discussion_thread_april_2628_2019/elx4mgg/","I'll sell you all the calls you want.",11
"80","2019-04-27 18:25",147,"The people here are way smarter than the people on /r/investing. Not a joke","wallstreetbets","http://www.reddit.com/r/wallstreetbets/comments/bhy9jk/the_people_here_are_way_smarter_than_the_people/elx46w6/","Thanks for the love =",49
"81","2019-04-26 04:11",1214,"$TSLA Tesla earnings thread; Keep all discussion here","wallstreetbets","http://www.reddit.com/r/wallstreetbets/comments/bgythd/tsla_tesla_earnings_thread_keep_all_discussion/elst099/","Rolling down and out.",1
"82","2019-04-24 23:54",1214,"$TSLA Tesla earnings thread; Keep all discussion here","wallstreetbets","http://www.reddit.com/r/wallstreetbets/comments/bgythd/tsla_tesla_earnings_thread_keep_all_discussion/elozaoe/","Sold naked 250 puts.",2
"83","2019-04-18 22:34",98,"Tesla will be green tomorrow BOOK IT","wallstreetbets","http://www.reddit.com/r/wallstreetbets/comments/b96ykw/tesla_will_be_green_tomorrow_book_it/el7rrdl/","I never left.",11
"84","2019-04-18 22:32",40,"r/1r0nyman never forget. Never forgive. I had to write about Box Spreads for a class (please, shit on my report), so I added a little spice at the end for posterity.","wallstreetbets","http://www.reddit.com/r/wallstreetbets/comments/bdd2xu/r1r0nyman_never_forget_never_forgive_i_had_to/el7ri7v/","No word from Robinhood.",25
"85","2019-04-08 22:19",3287,"Daily Discussion Thread - April 08, 2019","wallstreetbets","http://www.reddit.com/r/wallstreetbets/comments/basfd0/daily_discussion_thread_april_08_2019/ekeyael/","BA put spreads and TSLA strangles.",6
"86","2019-04-08 18:59",3287,"Daily Discussion Thread - April 08, 2019","wallstreetbets","http://www.reddit.com/r/wallstreetbets/comments/basfd0/daily_discussion_thread_april_08_2019/ekee86k/","I'll take the other side.",1
"87","2019-04-08 01:49",1128,"What Are Your Moves Tomorrow, April 08","wallstreetbets","http://www.reddit.com/r/wallstreetbets/comments/bal4bm/what_are_your_moves_tomorrow_april_08/ekcod4k/","Strangles on $TSLA",2
"88","2019-04-04 05:30",98,"Tesla will be green tomorrow BOOK IT","wallstreetbets","http://www.reddit.com/r/wallstreetbets/comments/b96ykw/tesla_will_be_green_tomorrow_book_it/ek2smx5/","Second",46
"89","2019-04-03 05:56",9,"Ass up, face down. Just the way I like it.","wallstreetbets","http://www.reddit.com/r/wallstreetbets/comments/b8t0fr/ass_up_face_down_just_the_way_i_like_it/ek018rj/","Nice touch.",3
"90","2019-04-02 23:32",98,"(Serious Question) Do most of you do regular 9-5 jobs? If yes, how do you get time during the day to trade?","wallstreetbets","http://www.reddit.com/r/wallstreetbets/comments/b7wvef/serious_question_do_most_of_you_do_regular_95/ejz8hp1/","Eyes on the light asshole.",4
"91","2019-04-02 02:07",1470,"What Are Your Moves Tomorrow, April 02","wallstreetbets","http://www.reddit.com/r/wallstreetbets/comments/b891bo/what_are_your_moves_tomorrow_april_02/ejwvo9n/","Subtle.",3
"92","2019-03-25 22:08",4,"ELI5 how did /u/1R0NYMAN lose $58,000 on a $5000 investment?","explainlikeimfive","http://www.reddit.com/r/explainlikeimfive/comments/b5g9zt/eli5_how_did_u1r0nyman_lose_58000_on_a_5000/ejd9rhs/","Not even close.",14
"93","2019-03-23 16:24",20,"Rolled out of the shop, in a box: Dealer broke off at least 1 bolt of each of my spacers..","Justrolledintotheshop","http://www.reddit.com/r/Justrolledintotheshop/comments/b4jzvz/rolled_out_of_the_shop_in_a_box_dealer_broke_off/ej76qtx/","We meet again.",2
"94","2019-03-17 22:49",14,"Can anyone here tell me","wallstreetbets","http://www.reddit.com/r/wallstreetbets/comments/b2a58k/can_anyone_here_tell_me/eirdiil/","X10",4
"95","2019-03-17 18:42",76,"Get your slongs ready bois, Webull just added options","wallstreetbets","http://www.reddit.com/r/wallstreetbets/comments/b21aj8/get_your_slongs_ready_bois_webull_just_added/eiqsyje/","Oh, fuck yes.",31
"96","2019-03-16 23:13",9,"The Brits are coming and they don't know what they are doing.","wallstreetbets","http://www.reddit.com/r/wallstreetbets/comments/b1wwei/the_brits_are_coming_and_they_dont_know_what_they/eiovwxk/","Watch the whole series for maximum autistitis.",8
"97","2019-03-16 12:22",2105,"Weekend Discussion Thread - March 15-17, 2019","wallstreetbets","http://www.reddit.com/r/wallstreetbets/comments/b1jgzf/weekend_discussion_thread_march_1517_2019/einl6me/","Clear direction\fomc. Pick one.",2
"98","2019-03-16 12:19",2105,"Weekend Discussion Thread - March 15-17, 2019","wallstreetbets","http://www.reddit.com/r/wallstreetbets/comments/b1jgzf/weekend_discussion_thread_march_1517_2019/einl3aj/","Scrambled burritos ftw.",1
"99","2019-03-08 12:03",3529,"Daily Discussion Thread - March 07, 2019","wallstreetbets","http://www.reddit.com/r/wallstreetbets/comments/aybghn/daily_discussion_thread_march_07_2019/ei28zhw/","I still haven't heard from them.",33
"100","2019-03-07 21:12",3529,"Daily Discussion Thread - March 07, 2019","wallstreetbets","http://www.reddit.com/r/wallstreetbets/comments/aybghn/daily_discussion_thread_march_07_2019/ei0oq8a/","Me selling 7 strike puts, sorry man.",15
"101","2019-03-07 19:44",3529,"Daily Discussion Thread - March 07, 2019","wallstreetbets","http://www.reddit.com/r/wallstreetbets/comments/aybghn/daily_discussion_thread_march_07_2019/ei0glox/","I'm still short 66 strike calls from earnings.",1
"102","2019-03-07 14:43",23,"AAPL hardware deserves a higher P/E on bigger margins and a stickier ecosystem","wallstreetbets","http://www.reddit.com/r/wallstreetbets/comments/ay69kf/aapl_hardware_deserves_a_higher_pe_on_bigger/ehzqu88/","What are you on bro?",8
"103","2019-03-04 03:51",1192,"What Are Your Moves Tomorrow, March 04","wallstreetbets","http://www.reddit.com/r/wallstreetbets/comments/awyk8v/what_are_your_moves_tomorrow_march_04/ehqqh6y/","Hoping Tesla tanks so I can sell puts.",3
"104","2019-03-03 16:53",34,"ROKU bear thesis.","wallstreetbets","http://www.reddit.com/r/wallstreetbets/comments/awm2rc/roku_bear_thesis/ehpcjom/","I'm short several 65c, naked.",1
"105","2019-03-03 16:45",30,"Tesla short-seller Gabe Hoffman says Elon Musk broke security laws again","wallstreetbets","http://www.reddit.com/r/wallstreetbets/comments/awpgpw/tesla_shortseller_gabe_hoffman_says_elon_musk/ehpbyxc/","*Gape Hoffman",5
"106","2019-03-03 16:44",33,"What do you think it would take for Elon Musk to host an AMA on r/wallstreetbets?","wallstreetbets","http://www.reddit.com/r/wallstreetbets/comments/awrabf/what_do_you_think_it_would_take_for_elon_musk_to/ehpbvts/","Fuck",62
"107","2019-03-02 15:34",5,"Rain Dance","WallstreetSluts","http://www.reddit.com/r/WallstreetSluts/comments/aq8w1c/rain_dance/ehmntcy/","Legendary",3
"108","2019-03-01 22:58",37,"NDX options play expiring tomorrow - max gain $5856","wallstreetbets","http://www.reddit.com/r/wallstreetbets/comments/avswqh/ndx_options_play_expiring_tomorrow_max_gain_5856/ehl2ymu/","Good job outta you.",2
"109","2019-02-27 02:59",35,"When you see it...","wallstreetbets","http://www.reddit.com/r/wallstreetbets/comments/av7o88/when_you_see_it/ehd5zcc/","Jesus",185
"110","2019-02-26 14:06",3120,"Daily Discussion Thread - February 26, 2019","wallstreetbets","http://www.reddit.com/r/wallstreetbets/comments/auy8jx/daily_discussion_thread_february_26_2019/ehbfhxq/","Not even close.",2
"111","2019-02-26 02:27",1899,"What Are Your Moves Tomorrow, February 26","wallstreetbets","http://www.reddit.com/r/wallstreetbets/comments/auqcnf/what_are_your_moves_tomorrow_february_26/ehaekzp/","I'm still short AMD...",3
"112","2019-02-26 02:24",1899,"What Are Your Moves Tomorrow, February 26","wallstreetbets","http://www.reddit.com/r/wallstreetbets/comments/auqcnf/what_are_your_moves_tomorrow_february_26/ehaecfh/","Underrated.",4
"113","2019-02-24 17:40",33,"Roku next week","wallstreetbets","http://www.reddit.com/r/wallstreetbets/comments/au1yjw/roku_next_week/eh6kekq/","We in this together.",2
"114","2019-02-24 00:29",2302,"Weekend Discussion Thread - February 22-24, 2019","wallstreetbets","http://www.reddit.com/r/wallstreetbets/comments/atmuei/weekend_discussion_thread_february_2224_2019/eh4wktz/","Sold to open.",4
"115","2019-02-23 23:55",2302,"Weekend Discussion Thread - February 22-24, 2019","wallstreetbets","http://www.reddit.com/r/wallstreetbets/comments/atmuei/weekend_discussion_thread_february_2224_2019/eh4tyxw/","I get fucked a lot man.",7
"116","2019-02-23 23:51",2302,"Weekend Discussion Thread - February 22-24, 2019","wallstreetbets","http://www.reddit.com/r/wallstreetbets/comments/atmuei/weekend_discussion_thread_february_2224_2019/eh4tnac/","What if I sold 280 calls?",6
"117","2019-02-23 22:05",10,"Short vol FTW bitches","wallstreetbets","http://www.reddit.com/r/wallstreetbets/comments/atlskl/short_vol_ftw_bitches/eh4le4k/","I want options on $TVIX",2
"118","2019-02-23 18:52",32,"$DELL looks like it will hit $65-$70 by end of April","wallstreetbets","http://www.reddit.com/r/wallstreetbets/comments/atjoik/dell_looks_like_it_will_hit_6570_by_end_of_april/eh45pp5/","Naked strangles it is.",2
"119","2019-02-23 17:59",11,"I hope all the autists who bought from me are enjoying tendies","wallstreetbets","http://www.reddit.com/r/wallstreetbets/comments/atl406/i_hope_all_the_autists_who_bought_from_me_are/eh41kts/","Got that big dick energy.",5
"120","2019-02-23 00:14",2302,"Weekend Discussion Thread - February 22-24, 2019","wallstreetbets","http://www.reddit.com/r/wallstreetbets/comments/atmuei/weekend_discussion_thread_february_2224_2019/eh2dhtv/","I'm in.",7
"121","2019-02-22 22:09",36,"What should I do with these ROKU calls?","wallstreetbets","http://www.reddit.com/r/wallstreetbets/comments/atm3c9/what_should_i_do_with_these_roku_calls/eh22w38/","It better does..",9
"122","2019-02-21 22:57",1556,"What Are Your Moves Tomorrow, February 22","wallstreetbets","http://www.reddit.com/r/wallstreetbets/comments/at8g1l/what_are_your_moves_tomorrow_february_22/egzh5wj/","Naked. I don't buy premium.",3
"123","2019-02-21 22:49",1556,"What Are Your Moves Tomorrow, February 22","wallstreetbets","http://www.reddit.com/r/wallstreetbets/comments/at8g1l/what_are_your_moves_tomorrow_february_22/egzgg6k/","Naked strangles ftw.",3
"124","2019-02-21 22:48",1556,"What Are Your Moves Tomorrow, February 22","wallstreetbets","http://www.reddit.com/r/wallstreetbets/comments/at8g1l/what_are_your_moves_tomorrow_february_22/egzgd8o/","I've got 45p and 58c strangles on.",4
"125","2019-02-19 23:25",1240,"What Are Your Moves Tomorrow, February 20","wallstreetbets","http://www.reddit.com/r/wallstreetbets/comments/asfeli/what_are_your_moves_tomorrow_february_20/egu2u4w/","Dark",12
"126","2019-02-19 23:00",335,"Cmon, were not that bad","wallstreetbets","http://www.reddit.com/r/wallstreetbets/comments/ars790/cmon_were_not_that_bad/egu0n2h/","Proof or ban.",7
